id,name,generation,cardLink,productId,imageUrl,collected,price
1,Bulbasaur,1,https://www.tcgplayer.com/product/84032/pokemon-crystal-guardians-bulbasaur-045-100?page=1&Language=English,84032,https://tcgplayer-cdn.tcgplayer.com/product/84032_in_1000x1000.jpg,FALSE,
2,Ivysaur,1,https://www.tcgplayer.com/product/86300/pokemon-crystal-guardians-ivysaur-034-100?Language=English&page=1,86300,https://tcgplayer-cdn.tcgplayer.com/product/86300_in_1000x1000.jpg,FALSE,
3,Venusaur,1,https://www.tcgplayer.com/product/124014/pokemon-xy-evolutions-venusaur-ex?page=1&Language=English,124014,https://tcgplayer-cdn.tcgplayer.com/product/124014_in_1000x1000.jpg,FALSE,
4,Charmander,1,https://www.tcgplayer.com/product/42389/pokemon-base-set-charmander?Language=English&page=1,42389,https://tcgplayer-cdn.tcgplayer.com/product/42389_in_1000x1000.jpg,FALSE,
5,Charmeleon,1,https://www.tcgplayer.com/product/42365/pokemon-base-set-charmeleon?page=1&Language=English,42365,https://tcgplayer-cdn.tcgplayer.com/product/42365_in_1000x1000.jpg,FALSE,
6,Charizard,1,https://www.tcgplayer.com/product/124024/pokemon-xy-evolutions-charizard-ex?page=1&Language=English,124024,https://tcgplayer-cdn.tcgplayer.com/product/124024_in_1000x1000.jpg,FALSE,
7,Squirtle,1,https://www.tcgplayer.com/product/89490/pokemon-firered-and-leafgreen-squirtle-083-112?page=1&Language=English,89490,https://tcgplayer-cdn.tcgplayer.com/product/89490_in_1000x1000.jpg,FALSE,
8,Wartortle,1,https://www.tcgplayer.com/product/90486/pokemon-firered-and-leafgreen-wartortle?page=1&Language=English,90486,https://tcgplayer-cdn.tcgplayer.com/product/90486_in_1000x1000.jpg,FALSE,
9,Blastoise,1,https://www.tcgplayer.com/product/124034/pokemon-xy-evolutions-blastoise-ex?page=1&Language=English,124034,https://tcgplayer-cdn.tcgplayer.com/product/124034_in_1000x1000.jpg,FALSE,
10,Caterpie,1,https://www.tcgplayer.com/product/42388/pokemon-base-set-caterpie?page=1,42388,https://tcgplayer-cdn.tcgplayer.com/product/42388_in_1000x1000.jpg,FALSE,
11,Metapod,1,https://www.tcgplayer.com/product/42398/pokemon-base-set-metapod?Language=English&page=1,42398,https://tcgplayer-cdn.tcgplayer.com/product/42398_in_1000x1000.jpg,FALSE,
12,Butterfree,1,https://www.tcgplayer.com/product/126874/pokemon-sm-base-set-butterfree?Language=English&page=1,126874,https://tcgplayer-cdn.tcgplayer.com/product/126874_in_1000x1000.jpg,FALSE,
13,Weedle,1,https://www.tcgplayer.com/product/90538/pokemon-neo-discovery-weedle?Language=English&page=1,90538,https://tcgplayer-cdn.tcgplayer.com/product/90538_in_1000x1000.jpg,FALSE,
14,Kakuna,1,https://www.tcgplayer.com/product/86408/pokemon-neo-discovery-kakuna?page=1,86408,https://tcgplayer-cdn.tcgplayer.com/product/86408_in_1000x1000.jpg,FALSE,
15,Beedrill,1,https://www.tcgplayer.com/product/83767/pokemon-neo-discovery-beedrill?page=1,83767,https://tcgplayer-cdn.tcgplayer.com/product/83767_in_1000x1000.jpg,FALSE,
16,Pidgey,1,https://www.tcgplayer.com/product/509955/pokemon-sv03-obsidian-flames-pidgey-207-197?page=1,509955,https://tcgplayer-cdn.tcgplayer.com/product/509955_in_1000x1000.jpg,FALSE,
17,Pidgeotto,1,https://www.tcgplayer.com/product/509956/pokemon-sv03-obsidian-flames-pidgeotto-208-197?page=1,509956,https://tcgplayer-cdn.tcgplayer.com/product/509956_in_1000x1000.jpg,FALSE,
18,Pidgeot,1,https://www.tcgplayer.com/product/509983/pokemon-sv03-obsidian-flames-pidgeot-ex-225-197?page=1,509983,https://tcgplayer-cdn.tcgplayer.com/product/509983_in_1000x1000.jpg,FALSE,
19,Rattata,1,https://www.tcgplayer.com/product/42540/pokemon-base-set-2-rattata?Language=English&page=1,42540,https://tcgplayer-cdn.tcgplayer.com/product/42540_in_1000x1000.jpg,FALSE,
20,Raticate,1,https://www.tcgplayer.com/product/42521/pokemon-base-set-2-raticate?page=1&Language=English,42521,https://tcgplayer-cdn.tcgplayer.com/product/42521_in_1000x1000.jpg,FALSE,
21,Spearow,1,https://www.tcgplayer.com/product/89436/pokemon-sandstorm-spearow?page=1,89436,https://tcgplayer-cdn.tcgplayer.com/product/89436_in_1000x1000.jpg,FALSE,
22,Fearow,1,https://www.tcgplayer.com/product/85394/pokemon-sandstorm-fearow?page=1,85394,https://tcgplayer-cdn.tcgplayer.com/product/85394_in_1000x1000.jpg,FALSE,
23,Ekans,1,https://www.tcgplayer.com/product/85100/pokemon-sandstorm-ekans?page=1&Language=English,85100,https://tcgplayer-cdn.tcgplayer.com/product/85100_in_1000x1000.jpg,FALSE,
24,Arbok,1,https://www.tcgplayer.com/product/83567/pokemon-sandstorm-arbok?page=1&Language=English,83567,https://tcgplayer-cdn.tcgplayer.com/product/83567_in_1000x1000.jpg,FALSE,
25,Pikachu,1,https://www.tcgplayer.com/product/138522/pokemon-sm-burning-shadows-pikachu?Printing=Holofoil|Reverse+Holofoil&page=1&Language=English,138522,https://tcgplayer-cdn.tcgplayer.com/product/138522_in_1000x1000.jpg,FALSE,
26,Raichu,1,https://www.tcgplayer.com/product/107168/pokemon-xy-breakthrough-raichu?Printing=Reverse+Holofoil|Holofoil&page=1 or https://www.tcgplayer.com/product/189154/pokemon-sm-unbroken-bonds-raichu?Printing=Reverse+Holofoil|Holofoil&page=1,107168,https://tcgplayer-cdn.tcgplayer.com/product/107168_in_1000x1000.jpg,FALSE,
27,Sandshrew,1,https://www.tcgplayer.com/product/88923/pokemon-delta-species-sandshrew?Printing=Reverse+Holofoil|Holofoil&page=1&Language=English,88923,https://tcgplayer-cdn.tcgplayer.com/product/88923_in_1000x1000.jpg,FALSE,
28,Sandslash,1,https://www.tcgplayer.com/product/88936/pokemon-delta-species-sandslash-delta-species?Printing=Reverse+Holofoil|Holofoil&page=1&Language=English,88936,https://tcgplayer-cdn.tcgplayer.com/product/88936_in_1000x1000.jpg,FALSE,
29,Nidoran,1,https://www.tcgplayer.com/product/87721/pokemon-plasma-freeze-nidoran-f?page=1,87721,https://tcgplayer-cdn.tcgplayer.com/product/87721_in_1000x1000.jpg,FALSE,
30,Nidorina,1,https://www.tcgplayer.com/product/87739/pokemon-plasma-freeze-nidorina?page=1,87739,https://tcgplayer-cdn.tcgplayer.com/product/87739_in_1000x1000.jpg,FALSE,
31,Nidoqueen,1,https://www.tcgplayer.com/product/87711/pokemon-plasma-freeze-nidoqueen?page=1,87711,https://tcgplayer-cdn.tcgplayer.com/product/87711_in_1000x1000.jpg,FALSE,
32,Nidoran,1,https://www.tcgplayer.com/product/87726/pokemon-firered-and-leafgreen-nidoran-m?page=1&Language=English,87726,https://tcgplayer-cdn.tcgplayer.com/product/87726_in_1000x1000.jpg,FALSE,
33,Nidorino,1,https://www.tcgplayer.com/product/87744/pokemon-firered-and-leafgreen-nidorino?page=1&Language=English,87744,https://tcgplayer-cdn.tcgplayer.com/product/87744_in_1000x1000.jpg,FALSE,
34,Nidoking,1,https://www.tcgplayer.com/product/87696/pokemon-firered-and-leafgreen-nidoking?page=1&Language=English,87696,https://tcgplayer-cdn.tcgplayer.com/product/87696_in_1000x1000.jpg,FALSE,
35,Clefairy,1,https://www.tcgplayer.com/product/84352/pokemon-neo-genesis-clefairy?Printing=Reverse+Holofoil|Holofoil&page=1,84352,https://tcgplayer-cdn.tcgplayer.com/product/84352_in_1000x1000.jpg,FALSE,
36,Clefable,1,https://www.tcgplayer.com/product/84344/pokemon-expedition-clefable-41?Printing=Reverse+Holofoil|Holofoil&page=1,84344,https://tcgplayer-cdn.tcgplayer.com/product/84344_in_1000x1000.jpg,FALSE,
37,Vulpix,1,https://www.tcgplayer.com/product/90441/pokemon-mysterious-treasures-vulpix?Printing=Reverse+Holofoil|Holofoil&page=1,90441,https://tcgplayer-cdn.tcgplayer.com/product/90441_in_1000x1000.jpg,FALSE,
38,Ninetales,1,https://www.tcgplayer.com/product/87772/pokemon-mysterious-treasures-ninetales?Printing=Reverse+Holofoil|Holofoil&page=1,87772,https://tcgplayer-cdn.tcgplayer.com/product/87772_in_1000x1000.jpg,FALSE,
39,Jigglypuff,1,https://www.tcgplayer.com/product/189232/pokemon-sm-unbroken-bonds-jigglypuff?Printing=Reverse+Holofoil|Holofoil&page=1&Language=English,189232,https://tcgplayer-cdn.tcgplayer.com/product/189232_in_1000x1000.jpg,FALSE,
40,Wigglytuff,1,https://www.tcgplayer.com/product/90596/pokemon-firered-and-leafgreen-wigglytuff?Printing=Reverse+Holofoil|Holofoil&page=1&Language=English,90596,https://tcgplayer-cdn.tcgplayer.com/product/90596_in_1000x1000.jpg,FALSE,
41,Zubat,1,https://www.tcgplayer.com/product/90770/pokemon-hidden-legends-zubat?Printing=Reverse+Holofoil|Holofoil&page=1&Language=English,90770,https://tcgplayer-cdn.tcgplayer.com/product/90770_in_1000x1000.jpg,FALSE,
42,Golbat,1,https://www.tcgplayer.com/product/85793/pokemon-hidden-legends-golbat?Printing=Reverse+Holofoil|Holofoil&page=1,85793,https://tcgplayer-cdn.tcgplayer.com/product/85793_in_1000x1000.jpg,FALSE,
43,Oddish,1,https://www.tcgplayer.com/product/189044/pokemon-sm-unbroken-bonds-oddish-6?Printing=Reverse+Holofoil|Holofoil&page=1&Language=English,189044,https://tcgplayer-cdn.tcgplayer.com/product/189044_in_1000x1000.jpg,FALSE,
44,Gloom,1,https://www.tcgplayer.com/product/283862/pokemon-swsh11-lost-origin-gloom?Printing=Reverse+Holofoil|Holofoil&page=1&Language=English,283862,https://tcgplayer-cdn.tcgplayer.com/product/283862_in_1000x1000.jpg,FALSE,
45,Vileplume,1,https://www.tcgplayer.com/product/90380/pokemon-legends-awakened-vileplume?Printing=Reverse+Holofoil|Holofoil&Language=English&page=1,90380,https://tcgplayer-cdn.tcgplayer.com/product/90380_in_1000x1000.jpg,FALSE,
46,Paras,1,https://www.tcgplayer.com/product/478061/pokemon-crown-zenith-galarian-gallery-paras?Printing=Holofoil|Reverse+Holofoil&Language=all&page=1,478061,https://tcgplayer-cdn.tcgplayer.com/product/478061_in_1000x1000.jpg,FALSE,
47,Parasect,1,https://www.tcgplayer.com/product/284253/pokemon-swsh11-lost-origin-trainer-gallery-parasect?Printing=Holofoil|Reverse+Holofoil&Language=all&page=1,,,FALSE,
48,Venonat,1,https://www.tcgplayer.com/product/189048/pokemon-sm-unbroken-bonds-venonat-10?Printing=Holofoil|Reverse+Holofoil&Language=all&page=1,,,FALSE,
49,Venomoth,1,https://www.tcgplayer.com/product/189049/pokemon-sm-unbroken-bonds-venomoth?Printing=Holofoil|Reverse+Holofoil&Language=all&page=1,,,FALSE,
50,Diglett,1,https://www.tcgplayer.com/product/84822/pokemon-crystal-guardians-diglett?Printing=Holofoil|Reverse+Holofoil&Language=all&page=1,,,FALSE,
51,Dugtrio,1,https://www.tcgplayer.com/product/85001/pokemon-crystal-guardians-dugtrio?Printing=Holofoil|Reverse+Holofoil&Language=all&page=1,,,FALSE,
52,Meowth,1,https://www.tcgplayer.com/product/136646/pokemon-miscellaneous-cards-and-products-meowth-53-83-toys-r-us-promo?Printing=Holofoil|Reverse+Holofoil&Language=all&page=1,,,FALSE,
53,Persian,1,https://www.tcgplayer.com/product/42519/pokemon-base-set-2-persian?Printing=Holofoil|Reverse+Holofoil&Language=all&page=1,,,FALSE,
54,Psyduck,1,https://www.tcgplayer.com/product/88437/pokemon-team-rocket-returns-psyduck?Printing=Holofoil|Reverse+Holofoil&Language=all&page=1,,,FALSE,
55,Golduck,1,https://www.tcgplayer.com/product/85810/pokemon-sandstorm-golduck?Printing=Holofoil|Reverse+Holofoil&Language=all&page=1,,,FALSE,
56,Mankey,1,https://www.tcgplayer.com/product/87172/pokemon-aquapolis-mankey?Printing=Holofoil|Reverse+Holofoil&Language=all&page=1,,,FALSE,
57,Primeape,1,https://www.tcgplayer.com/product/88359/pokemon-aquapolis-primeape?Printing=Holofoil|Reverse+Holofoil&Language=all&page=1,,,FALSE,
58,Growlithe,1,https://www.tcgplayer.com/product/85955/pokemon-legend-maker-growlithe?Printing=Holofoil|Reverse+Holofoil|Unlimited|1st+Edition&Language=all&page=1,,,FALSE,
59,Arcanine,1,https://www.tcgplayer.com/product/83579/pokemon-sandstorm-arcanine?Printing=Unlimited+Holofoil|Holofoil|Reverse+Holofoil|Unlimited&page=1,,,FALSE,
60,Poliwag,1,https://www.tcgplayer.com/product/88254/pokemon-neo-discovery-poliwag?Printing=Unlimited+Holofoil|Holofoil|Reverse+Holofoil|Unlimited&page=1,,,FALSE,
61,Poliwhirl,1,https://www.tcgplayer.com/product/88262/pokemon-neo-discovery-poliwhirl?Printing=Unlimited+Holofoil|Holofoil|Reverse+Holofoil|Unlimited&page=1,,,FALSE,
62,Poliwrath,1,https://www.tcgplayer.com/product/88278/pokemon-legends-awakened-poliwrath?Printing=Unlimited+Holofoil|Holofoil|Reverse+Holofoil|Unlimited&page=1,,,FALSE,
63,Abra,1,https://www.tcgplayer.com/product/83445/pokemon-team-rocket-abra?Printing=Unlimited+Holofoil|Holofoil|Reverse+Holofoil|Unlimited&page=1,,,FALSE,
64,Kadabra,1,https://www.tcgplayer.com/product/86406/pokemon-expedition-kadabra?Printing=Unlimited+Holofoil|Holofoil|Reverse+Holofoil|Unlimited&page=1,,,FALSE,
65,Alakazam,1,https://www.tcgplayer.com/product/517047/pokemon-sv-scarlet-and-violet-151-alakazam-ex-201-165?Printing=Unlimited+Holofoil|Holofoil|Reverse+Holofoil|Unlimited|1st+Edition+Holofoil&page=1,,,FALSE,
66,Machop,1,https://www.tcgplayer.com/product/180454/pokemon-mcdonalds-promos-2018-machop-6-12?Printing=Unlimited+Holofoil|Holofoil|Reverse+Holofoil|Unlimited|1st+Edition+Holofoil&page=1,,,FALSE,
67,Machoke,1,https://www.tcgplayer.com/product/86979/pokemon-legend-maker-machoke?Printing=Unlimited+Holofoil|Holofoil|Reverse+Holofoil|Unlimited|1st+Edition+Holofoil&page=1,,,FALSE,
68,Machamp,1,https://www.tcgplayer.com/product/124072/pokemon-xy-evolutions-machamp?Printing=Unlimited+Holofoil|Holofoil|Reverse+Holofoil|Unlimited|1st+Edition+Holofoil&page=1,,,FALSE,
69,Bellsprout,1,https://www.tcgplayer.com/product/83807/pokemon-firered-and-leafgreen-bellsprout?Printing=Unlimited+Holofoil|Holofoil|Reverse+Holofoil|Unlimited|1st+Edition+Holofoil&page=1,,,FALSE,
70,Weepinbell,1,https://www.tcgplayer.com/product/42527/pokemon-base-set-2-weepinbell?Printing=Unlimited+Holofoil|Holofoil|Reverse+Holofoil|Unlimited|1st+Edition+Holofoil&page=1,,,FALSE,
71,Victreebel,1,https://www.tcgplayer.com/product/90365/pokemon-triumphant-victreebel?Printing=Unlimited+Holofoil|Holofoil|Reverse+Holofoil|Unlimited|1st+Edition+Holofoil&page=1,,,FALSE,
72,Tentacool,1,https://www.tcgplayer.com/product/44458/pokemon-fossil-tentacool?Printing=Unlimited+Holofoil|Holofoil|Reverse+Holofoil|Unlimited|1st+Edition+Holofoil&page=1,,,FALSE,
73,Tentacruel,1,https://www.tcgplayer.com/product/89872/pokemon-aquapolis-tentacruel?Printing=Unlimited+Holofoil|Holofoil|Reverse+Holofoil|Unlimited|1st+Edition+Holofoil&page=1,,,FALSE,
74,Geodude,1,https://www.tcgplayer.com/product/44449/pokemon-fossil-geodude?Printing=Unlimited+Holofoil|Holofoil|Reverse+Holofoil|Unlimited|1st+Edition+Holofoil&page=1,,,FALSE,
75,Graveler,1,https://www.tcgplayer.com/product/85888/pokemon-expedition-graveler?Printing=Unlimited+Holofoil|Holofoil|Reverse+Holofoil|Unlimited|1st+Edition+Holofoil&page=1,,,FALSE,
76,Golem,1,https://www.tcgplayer.com/product/44438/pokemon-fossil-golem?Printing=Unlimited+Holofoil|Holofoil|Reverse+Holofoil|Unlimited|1st+Edition+Holofoil&page=1,,,FALSE,
77,Ponyta,1,https://www.tcgplayer.com/product/153282/pokemon-miscellaneous-cards-and-products-ponyta-14-83-toys-r-us-promo?Printing=Unlimited+Holofoil|Holofoil|Reverse+Holofoil|Unlimited|1st+Edition+Holofoil&page=1,,,FALSE,
78,Rapidash,1,https://www.tcgplayer.com/product/632989/pokemon-sv10-destined-rivals-rapidash-189-182?Printing=Unlimited+Holofoil|Holofoil|Reverse+Holofoil|Unlimited|1st+Edition+Holofoil&page=1,,,FALSE,
79,Slowpoke,1,https://www.tcgplayer.com/product/490064/pokemon-sv01-scarlet-and-violet-base-set-slowpoke-204-198?Printing=Unlimited+Holofoil|Holofoil|Reverse+Holofoil|Unlimited|1st+Edition+Holofoil|1st+Edition&page=1,,,FALSE,
80,Slowbro,1,https://www.tcgplayer.com/product/515454/pokemon-prize-pack-series-cards-slowbro?Printing=Unlimited+Holofoil|Holofoil|Reverse+Holofoil|Unlimited|1st+Edition+Holofoil|1st+Edition&page=1,,,FALSE,
=======
47,Parasect,1,https://www.tcgplayer.com/product/284253/pokemon-swsh11-lost-origin-trainer-gallery-parasect?Printing=Holofoil|Reverse+Holofoil&Language=all&page=1,,https://tcgplayer-cdn.tcgplayer.com/product/284253_in_1000x1000.jpg,FALSE,
48,Venonat,1,https://www.tcgplayer.com/product/189048/pokemon-sm-unbroken-bonds-venonat-10?Printing=Holofoil|Reverse+Holofoil&Language=all&page=1,,https://tcgplayer-cdn.tcgplayer.com/product/189048_in_1000x1000.jpg,FALSE,
49,Venomoth,1,https://www.tcgplayer.com/product/189049/pokemon-sm-unbroken-bonds-venomoth?Printing=Holofoil|Reverse+Holofoil&Language=all&page=1,,https://tcgplayer-cdn.tcgplayer.com/product/189049_in_1000x1000.jpg,FALSE,
50,Diglett,1,https://www.tcgplayer.com/product/84822/pokemon-crystal-guardians-diglett?Printing=Holofoil|Reverse+Holofoil&Language=all&page=1,,https://tcgplayer-cdn.tcgplayer.com/product/84822_in_1000x1000.jpg,FALSE,
51,Dugtrio,1,https://www.tcgplayer.com/product/85001/pokemon-crystal-guardians-dugtrio?Printing=Holofoil|Reverse+Holofoil&Language=all&page=1,,https://tcgplayer-cdn.tcgplayer.com/product/85001_in_1000x1000.jpg,FALSE,
52,Meowth,1,https://www.tcgplayer.com/product/136646/pokemon-miscellaneous-cards-and-products-meowth-53-83-toys-r-us-promo?Printing=Holofoil|Reverse+Holofoil&Language=all&page=1,,https://tcgplayer-cdn.tcgplayer.com/product/136646_in_1000x1000.jpg,FALSE,
53,Persian,1,https://www.tcgplayer.com/product/42519/pokemon-base-set-2-persian?Printing=Holofoil|Reverse+Holofoil&Language=all&page=1,,https://tcgplayer-cdn.tcgplayer.com/product/42519_in_1000x1000.jpg,FALSE,
54,Psyduck,1,https://www.tcgplayer.com/product/88437/pokemon-team-rocket-returns-psyduck?Printing=Holofoil|Reverse+Holofoil&Language=all&page=1,,https://tcgplayer-cdn.tcgplayer.com/product/88437_in_1000x1000.jpg,FALSE,
55,Golduck,1,https://www.tcgplayer.com/product/85810/pokemon-sandstorm-golduck?Printing=Holofoil|Reverse+Holofoil&Language=all&page=1,,https://tcgplayer-cdn.tcgplayer.com/product/85810_in_1000x1000.jpg,FALSE,
56,Mankey,1,https://www.tcgplayer.com/product/87172/pokemon-aquapolis-mankey?Printing=Holofoil|Reverse+Holofoil&Language=all&page=1,,https://tcgplayer-cdn.tcgplayer.com/product/87172_in_1000x1000.jpg,FALSE,
57,Primeape,1,https://www.tcgplayer.com/product/88359/pokemon-aquapolis-primeape?Printing=Holofoil|Reverse+Holofoil&Language=all&page=1,,https://tcgplayer-cdn.tcgplayer.com/product/88359_in_1000x1000.jpg,FALSE,
58,Growlithe,1,https://www.tcgplayer.com/product/85955/pokemon-legend-maker-growlithe?Printing=Holofoil|Reverse+Holofoil|Unlimited|1st+Edition&Language=all&page=1,,https://tcgplayer-cdn.tcgplayer.com/product/85955_in_1000x1000.jpg,FALSE,
59,Arcanine,1,https://www.tcgplayer.com/product/83579/pokemon-sandstorm-arcanine?Printing=Unlimited+Holofoil|Holofoil|Reverse+Holofoil|Unlimited&page=1,,https://tcgplayer-cdn.tcgplayer.com/product/83579_in_1000x1000.jpg,FALSE,
60,Poliwag,1,https://www.tcgplayer.com/product/88254/pokemon-neo-discovery-poliwag?Printing=Unlimited+Holofoil|Holofoil|Reverse+Holofoil|Unlimited&page=1,,https://tcgplayer-cdn.tcgplayer.com/product/88254_in_1000x1000.jpg,FALSE,
61,Poliwhirl,1,https://www.tcgplayer.com/product/88262/pokemon-neo-discovery-poliwhirl?Printing=Unlimited+Holofoil|Holofoil|Reverse+Holofoil|Unlimited&page=1,,https://tcgplayer-cdn.tcgplayer.com/product/88262_in_1000x1000.jpg,FALSE,
62,Poliwrath,1,https://www.tcgplayer.com/product/88278/pokemon-legends-awakened-poliwrath?Printing=Unlimited+Holofoil|Holofoil|Reverse+Holofoil|Unlimited&page=1,,https://tcgplayer-cdn.tcgplayer.com/product/88278_in_1000x1000.jpg,FALSE,
63,Abra,1,https://www.tcgplayer.com/product/83445/pokemon-team-rocket-abra?Printing=Unlimited+Holofoil|Holofoil|Reverse+Holofoil|Unlimited&page=1,,https://tcgplayer-cdn.tcgplayer.com/product/83445_in_1000x1000.jpg,FALSE,
64,Kadabra,1,https://www.tcgplayer.com/product/86406/pokemon-expedition-kadabra?Printing=Unlimited+Holofoil|Holofoil|Reverse+Holofoil|Unlimited&page=1,,https://tcgplayer-cdn.tcgplayer.com/product/86406_in_1000x1000.jpg,FALSE,
65,Alakazam,1,https://www.tcgplayer.com/product/517047/pokemon-sv-scarlet-and-violet-151-alakazam-ex-201-165?Printing=Unlimited+Holofoil|Holofoil|Reverse+Holofoil|Unlimited|1st+Edition+Holofoil&page=1,,https://tcgplayer-cdn.tcgplayer.com/product/517047_in_1000x1000.jpg,FALSE,
66,Machop,1,https://www.tcgplayer.com/product/180454/pokemon-mcdonalds-promos-2018-machop-6-12?Printing=Unlimited+Holofoil|Holofoil|Reverse+Holofoil|Unlimited|1st+Edition+Holofoil&page=1,,https://tcgplayer-cdn.tcgplayer.com/product/180454_in_1000x1000.jpg,FALSE,
67,Machoke,1,https://www.tcgplayer.com/product/86979/pokemon-legend-maker-machoke?Printing=Unlimited+Holofoil|Holofoil|Reverse+Holofoil|Unlimited|1st+Edition+Holofoil&page=1,,https://tcgplayer-cdn.tcgplayer.com/product/86979_in_1000x1000.jpg,FALSE,
68,Machamp,1,https://www.tcgplayer.com/product/124072/pokemon-xy-evolutions-machamp?Printing=Unlimited+Holofoil|Holofoil|Reverse+Holofoil|Unlimited|1st+Edition+Holofoil&page=1,,https://tcgplayer-cdn.tcgplayer.com/product/124072_in_1000x1000.jpg,FALSE,
69,Bellsprout,1,https://www.tcgplayer.com/product/83807/pokemon-firered-and-leafgreen-bellsprout?Printing=Unlimited+Holofoil|Holofoil|Reverse+Holofoil|Unlimited|1st+Edition+Holofoil&page=1,,https://tcgplayer-cdn.tcgplayer.com/product/83807_in_1000x1000.jpg,FALSE,
70,Weepinbell,1,https://www.tcgplayer.com/product/42527/pokemon-base-set-2-weepinbell?Printing=Unlimited+Holofoil|Holofoil|Reverse+Holofoil|Unlimited|1st+Edition+Holofoil&page=1,,https://tcgplayer-cdn.tcgplayer.com/product/42527_in_1000x1000.jpg,FALSE,
71,Victreebel,1,https://www.tcgplayer.com/product/90365/pokemon-triumphant-victreebel?Printing=Unlimited+Holofoil|Holofoil|Reverse+Holofoil|Unlimited|1st+Edition+Holofoil&page=1,,https://tcgplayer-cdn.tcgplayer.com/product/90365_in_1000x1000.jpg,FALSE,
72,Tentacool,1,https://www.tcgplayer.com/product/44458/pokemon-fossil-tentacool?Printing=Unlimited+Holofoil|Holofoil|Reverse+Holofoil|Unlimited|1st+Edition+Holofoil&page=1,,https://tcgplayer-cdn.tcgplayer.com/product/44458_in_1000x1000.jpg,FALSE,
73,Tentacruel,1,https://www.tcgplayer.com/product/89872/pokemon-aquapolis-tentacruel?Printing=Unlimited+Holofoil|Holofoil|Reverse+Holofoil|Unlimited|1st+Edition+Holofoil&page=1,,https://tcgplayer-cdn.tcgplayer.com/product/89872_in_1000x1000.jpg,FALSE,
74,Geodude,1,https://www.tcgplayer.com/product/44449/pokemon-fossil-geodude?Printing=Unlimited+Holofoil|Holofoil|Reverse+Holofoil|Unlimited|1st+Edition+Holofoil&page=1,,https://tcgplayer-cdn.tcgplayer.com/product/44449_in_1000x1000.jpg,FALSE,
75,Graveler,1,https://www.tcgplayer.com/product/85888/pokemon-expedition-graveler?Printing=Unlimited+Holofoil|Holofoil|Reverse+Holofoil|Unlimited|1st+Edition+Holofoil&page=1,,https://tcgplayer-cdn.tcgplayer.com/product/85888_in_1000x1000.jpg,FALSE,
76,Golem,1,https://www.tcgplayer.com/product/44438/pokemon-fossil-golem?Printing=Unlimited+Holofoil|Holofoil|Reverse+Holofoil|Unlimited|1st+Edition+Holofoil&page=1,,https://tcgplayer-cdn.tcgplayer.com/product/44438_in_1000x1000.jpg,FALSE,
77,Ponyta,1,https://www.tcgplayer.com/product/153282/pokemon-miscellaneous-cards-and-products-ponyta-14-83-toys-r-us-promo?Printing=Unlimited+Holofoil|Holofoil|Reverse+Holofoil|Unlimited|1st+Edition+Holofoil&page=1,,https://tcgplayer-cdn.tcgplayer.com/product/153282_in_1000x1000.jpg,FALSE,
78,Rapidash,1,https://www.tcgplayer.com/product/632989/pokemon-sv10-destined-rivals-rapidash-189-182?Printing=Unlimited+Holofoil|Holofoil|Reverse+Holofoil|Unlimited|1st+Edition+Holofoil&page=1,,https://tcgplayer-cdn.tcgplayer.com/product/632989_in_1000x1000.jpg,FALSE,
79,Slowpoke,1,,,,FALSE,
80,Slowbro,1,,,,FALSE,
81,Magnemite,1,,,,FALSE,
82,Magneton,1,,,,FALSE,
83,Farfetch'd,1,,,,FALSE,
84,Doduo,1,,,,FALSE,
85,Dodrio,1,,,,FALSE,
86,Seel,1,,,,FALSE,
87,Dewgong,1,,,,FALSE,
88,Grimer,1,https://www.tcgplayer.com/product/85909/pokemon-team-rocket-returns-grimer?page=1&Language=English or https://www.tcgplayer.com/product/85907/pokemon-aquapolis-grimer?Printing=Reverse+Holofoil|Holofoil&page=1&Language=English,85909,https://tcgplayer-cdn.tcgplayer.com/product/85909_in_1000x1000.jpg,FALSE,
89,Muk,1,,,,FALSE,
90,Shellder,1,,,,FALSE,
91,Cloyster,1,,,,FALSE,
92,Gastly,1,,,,FALSE,
93,Haunter,1,,,,FALSE,
94,Gengar,1,,,,FALSE,
95,Onix,1,,,,FALSE,
96,Drowzee,1,,,,FALSE,
97,Hypno,1,,,,FALSE,
98,Krabby,1,,,,FALSE,
99,Kingler,1,,,,FALSE,
100,Voltorb,1,,,,FALSE,
101,Electrode,1,,,,FALSE,
102,Exeggcute,1,,,,FALSE,
103,Exeggutor,1,,,,FALSE,
104,Cubone,1,,,,FALSE,
105,Marowak,1,,,,FALSE,
106,Hitmonlee,1,,,,FALSE,
107,Hitmonchan,1,,,,FALSE,
108,Lickitung,1,,,,FALSE,
109,Koffing,1,,,,FALSE,
110,Weezing,1,,,,FALSE,
111,Rhyhorn,1,,,,FALSE,
112,Rhydon,1,,,,FALSE,
113,Chansey,1,,,,FALSE,
114,Tangela,1,,,,FALSE,
115,Kangaskhan,1,,,,FALSE,
116,Horsea,1,,,,FALSE,
117,Seadra,1,,,,FALSE,
118,Goldeen,1,,,,FALSE,
119,Seaking,1,,,,FALSE,
120,Staryu,1,,,,FALSE,
121,Starmie,1,,,,FALSE,
122,Mr. Mime,1,,,,FALSE,
123,Scyther,1,,,,FALSE,
124,Jynx,1,,,,FALSE,
125,Electabuzz,1,,,,FALSE,
126,Magmar,1,,,,FALSE,
127,Pinsir,1,,,,FALSE,
128,Tauros,1,,,,FALSE,
129,Magikarp,1,,,,FALSE,
130,Gyarados,1,,,,FALSE,
131,Lapras,1,,,,FALSE,
132,Ditto,1,,,,FALSE,
133,Eevee,1,,,,FALSE,
134,Vaporeon,1,,,,FALSE,
135,Jolteon,1,,,,FALSE,
136,Flareon,1,,,,FALSE,
137,Porygon,1,,,,FALSE,
138,Omanyte,1,,,,FALSE,
139,Omastar,1,,,,FALSE,
140,Kabuto,1,,,,FALSE,
141,Kabutops,1,,,,FALSE,
142,Aerodactyl,1,,,,FALSE,
143,Snorlax,1,,,,FALSE,
144,Articuno,1,,,,FALSE,
145,Zapdos,1,,,,FALSE,
146,Moltres,1,,,,FALSE,
147,Dratini,1,,,,FALSE,
148,Dragonair,1,,,,FALSE,
149,Dragonite,1,,,,FALSE,
150,Mewtwo,1,,,,FALSE,
151,Mew,1,,,,FALSE,
152,Chikorita,2,,,,FALSE,
153,Bayleef,2,,,,FALSE,
154,Meganium,2,,,,FALSE,
155,Cyndaquil,2,,,,FALSE,
156,Quilava,2,,,,FALSE,
157,Typhlosion,2,,,,FALSE,
158,Totodile,2,,,,FALSE,
159,Croconaw,2,,,,FALSE,
160,Feraligatr,2,,,,FALSE,
161,Sentret,2,,,,FALSE,
162,Furret,2,,,,FALSE,
163,Hoothoot,2,,,,FALSE,
164,Noctowl,2,,,,FALSE,
165,Ledyba,2,,,,FALSE,
166,Ledian,2,,,,FALSE,
167,Spinarak,2,,,,FALSE,
168,Ariados,2,,,,FALSE,
169,Crobat,2,,,,FALSE,
170,Chinchou,2,,,,FALSE,
171,Lanturn,2,,,,FALSE,
172,Pichu,2,,,,FALSE,
173,Cleffa,2,https://www.tcgplayer.com/product/84365/pokemon-unseen-forces-cleffa?Printing=Reverse+Holofoil|Holofoil&page=1,84365,https://tcgplayer-cdn.tcgplayer.com/product/84365_in_1000x1000.jpg,FALSE,
174,Igglybuff,2,,,,FALSE,
175,Togepi,2,,,,FALSE,
176,Togetic,2,,,,FALSE,
177,Natu,2,,,,FALSE,
178,Xatu,2,,,,FALSE,
179,Mareep,2,,,,FALSE,
180,Flaaffy,2,,,,FALSE,
181,Ampharos,2,,,,FALSE,
182,Bellossom,2,,,,FALSE,
183,Marill,2,,,,FALSE,
184,Azumarill,2,,,,FALSE,
185,Sudowoodo,2,,,,FALSE,
186,Politoed,2,,,,FALSE,
187,Hoppip,2,,,,FALSE,
188,Skiploom,2,,,,FALSE,
189,Jumpluff,2,,,,FALSE,
190,Aipom,2,,,,FALSE,
191,Sunkern,2,,,,FALSE,
192,Sunflora,2,,,,FALSE,
193,Yanma,2,,,,FALSE,
194,Wooper,2,,,,FALSE,
195,Quagsire,2,,,,FALSE,
196,Espeon,2,,,,FALSE,
197,Umbreon,2,,,,FALSE,
198,Murkrow,2,,,,FALSE,
199,Slowking,2,,,,FALSE,
200,Misdreavus,2,,,,FALSE,
201,Unown,2,,,,FALSE,
202,Wobbuffet,2,,,,FALSE,
203,Girafarig,2,,,,FALSE,
204,Pineco,2,,,,FALSE,
205,Forretress,2,,,,FALSE,
206,Dunsparce,2,,,,FALSE,
207,Gligar,2,,,,FALSE,
208,Steelix,2,,,,FALSE,
209,Snubbull,2,,,,FALSE,
210,Granbull,2,,,,FALSE,
211,Qwilfish,2,,,,FALSE,
212,Scizor,2,,,,FALSE,
213,Shuckle,2,,,,FALSE,
214,Heracross,2,,,,FALSE,
215,Sneasel,2,,,,FALSE,
216,Teddiursa,2,,,,FALSE,
217,Ursaring,2,,,,FALSE,
218,Slugma,2,,,,FALSE,
219,Magcargo,2,,,,FALSE,
220,Swinub,2,,,,FALSE,
221,Piloswine,2,,,,FALSE,
222,Corsola,2,,,,FALSE,
223,Remoraid,2,,,,FALSE,
224,Octillery,2,,,,FALSE,
225,Delibird,2,,,,FALSE,
226,Mantine,2,,,,FALSE,
227,Skarmory,2,,,,FALSE,
228,Houndour,2,,,,FALSE,
229,Houndoom,2,,,,FALSE,
230,Kingdra,2,,,,FALSE,
231,Phanpy,2,,,,FALSE,
232,Donphan,2,,,,FALSE,
233,Porygon2,2,,,,FALSE,
234,Stantler,2,,,,FALSE,
235,Smeargle,2,,,,FALSE,
236,Tyrogue,2,,,,FALSE,
237,Hitmontop,2,,,,FALSE,
238,Smoochum,2,,,,FALSE,
239,Elekid,2,,,,FALSE,
240,Magby,2,,,,FALSE,
241,Miltank,2,,,,FALSE,
242,Blissey,2,,,,FALSE,
243,Raikou,2,,,,FALSE,
244,Entei,2,,,,FALSE,
245,Suicune,2,,,,FALSE,
246,Larvitar,2,,,,FALSE,
247,Pupitar,2,,,,FALSE,
248,Tyranitar,2,,,,FALSE,
249,Lugia,2,,,,FALSE,
250,Ho-oh,2,,,,FALSE,
251,Celebi,2,,,,FALSE,
252,Treecko,3,,,,FALSE,
253,Grovyle,3,,,,FALSE,
254,Sceptile,3,,,,FALSE,
255,Torchic,3,,,,FALSE,
256,Combusken,3,,,,FALSE,
257,Blaziken,3,,,,FALSE,
258,Mudkip,3,,,,FALSE,
259,Marshtomp,3,,,,FALSE,
260,Swampert,3,,,,FALSE,
261,Poochyena,3,,,,FALSE,
262,Mightyena,3,,,,FALSE,
263,Zigzagoon,3,,,,FALSE,
264,Linoone,3,,,,FALSE,
265,Wurmple,3,,,,FALSE,
266,Silcoon,3,,,,FALSE,
267,Beautifly,3,,,,FALSE,
268,Cascoon,3,,,,FALSE,
269,Dustox,3,,,,FALSE,
270,Lotad,3,,,,FALSE,
271,Lombre,3,,,,FALSE,
272,Ludicolo,3,,,,FALSE,
273,Seedot,3,,,,FALSE,
274,Nuzleaf,3,,,,FALSE,
275,Shiftry,3,,,,FALSE,
276,Taillow,3,,,,FALSE,
277,Swellow,3,,,,FALSE,
278,Wingull,3,,,,FALSE,
279,Pelipper,3,,,,FALSE,
280,Ralts,3,,,,FALSE,
281,Kirlia,3,,,,FALSE,
282,Gardevoir,3,,,,FALSE,
283,Surskit,3,,,,FALSE,
284,Masquerain,3,,,,FALSE,
285,Shroomish,3,,,,FALSE,
286,Breloom,3,,,,FALSE,
287,Slakoth,3,,,,FALSE,
288,Vigoroth,3,,,,FALSE,
289,Slaking,3,,,,FALSE,
290,Nincada,3,,,,FALSE,
291,Ninjask,3,,,,FALSE,
292,Shedinja,3,,,,FALSE,
293,Whismur,3,,,,FALSE,
294,Loudred,3,,,,FALSE,
295,Exploud,3,,,,FALSE,
296,Makuhita,3,,,,FALSE,
297,Hariyama,3,,,,FALSE,
298,Azurill,3,,,,FALSE,
299,Nosepass,3,,,,FALSE,
300,Skitty,3,,,,FALSE,
301,Delcatty,3,,,,FALSE,
302,Sableye,3,,,,FALSE,
303,Mawile,3,,,,FALSE,
304,Aron,3,,,,FALSE,
305,Lairon,3,,,,FALSE,
306,Aggron,3,,,,FALSE,
307,Meditite,3,,,,FALSE,
308,Medicham,3,,,,FALSE,
309,Electrike,3,,,,FALSE,
310,Manectric,3,,,,FALSE,
311,Plusle,3,,,,FALSE,
312,Minun,3,,,,FALSE,
313,Volbeat,3,,,,FALSE,
314,Illumise,3,,,,FALSE,
315,Roselia,3,,,,FALSE,
316,Gulpin,3,,,,FALSE,
317,Swalot,3,,,,FALSE,
318,Carvanha,3,,,,FALSE,
319,Sharpedo,3,,,,FALSE,
320,Wailmer,3,,,,FALSE,
321,Wailord,3,,,,FALSE,
322,Numel,3,,,,FALSE,
323,Camerupt,3,,,,FALSE,
324,Torkoal,3,,,,FALSE,
325,Spoink,3,,,,FALSE,
326,Grumpig,3,,,,FALSE,
327,Spinda,3,,,,FALSE,
328,Trapinch,3,,,,FALSE,
329,Vibrava,3,,,,FALSE,
330,Flygon,3,,,,FALSE,
331,Cacnea,3,,,,FALSE,
332,Cacturne,3,,,,FALSE,
333,Swablu,3,,,,FALSE,
334,Altaria,3,,,,FALSE,
335,Zangoose,3,,,,FALSE,
336,Seviper,3,,,,FALSE,
337,Lunatone,3,,,,FALSE,
338,Solrock,3,,,,FALSE,
339,Barboach,3,,,,FALSE,
340,Whiscash,3,,,,FALSE,
341,Corphish,3,,,,FALSE,
342,Crawdaunt,3,,,,FALSE,
343,Baltoy,3,,,,FALSE,
344,Claydol,3,,,,FALSE,
345,Lileep,3,,,,FALSE,
346,Cradily,3,,,,FALSE,
347,Anorith,3,,,,FALSE,
348,Armaldo,3,,,,FALSE,
349,Feebas,3,,,,FALSE,
350,Milotic,3,,,,FALSE,
351,Castform,3,,,,FALSE,
352,Kecleon,3,,,,FALSE,
353,Shuppet,3,,,,FALSE,
354,Banette,3,,,,FALSE,
355,Duskull,3,,,,FALSE,
356,Dusclops,3,,,,FALSE,
357,Tropius,3,,,,FALSE,
358,Chimecho,3,,,,FALSE,
359,Absol,3,,,,FALSE,
360,Wynaut,3,,,,FALSE,
361,Snorunt,3,,,,FALSE,
362,Glalie,3,,,,FALSE,
363,Spheal,3,,,,FALSE,
364,Sealeo,3,,,,FALSE,
365,Walrein,3,,,,FALSE,
366,Clamperl,3,,,,FALSE,
367,Huntail,3,,,,FALSE,
368,Gorebyss,3,,,,FALSE,
369,Relicanth,3,,,,FALSE,
370,Luvdisc,3,,,,FALSE,
371,Bagon,3,,,,FALSE,
372,Shelgon,3,,,,FALSE,
373,Salamence,3,,,,FALSE,
374,Beldum,3,,,,FALSE,
375,Metang,3,,,,FALSE,
376,Metagross,3,,,,FALSE,
377,Regirock,3,,,,FALSE,
378,Regice,3,,,,FALSE,
379,Registeel,3,,,,FALSE,
380,Latias,3,,,,FALSE,
381,Latios,3,,,,FALSE,
382,Kyogre,3,,,,FALSE,
383,Groudon,3,,,,FALSE,
384,Rayquaza,3,,,,FALSE,
385,Jirachi,3,,,,FALSE,
386,Deoxys,3,,,,FALSE,
387,Turtwig,4,,,,FALSE,
388,Grotle,4,,,,FALSE,
389,Torterra,4,,,,FALSE,
390,Chimchar,4,,,,FALSE,
391,Monferno,4,,,,FALSE,
392,Infernape,4,,,,FALSE,
393,Piplup,4,,,,FALSE,
394,Prinplup,4,,,,FALSE,
395,Empoleon,4,,,,FALSE,
396,Starly,4,,,,FALSE,
397,Staravia,4,,,,FALSE,
398,Staraptor,4,,,,FALSE,
399,Bidoof,4,,,,FALSE,
400,Bibarel,4,,,,FALSE,
401,Kricketot,4,,,,FALSE,
402,Kricketune,4,,,,FALSE,
403,Shinx,4,,,,FALSE,
404,Luxio,4,,,,FALSE,
405,Luxray,4,,,,FALSE,
406,Budew,4,,,,FALSE,
407,Roserade,4,,,,FALSE,
408,Cranidos,4,,,,FALSE,
409,Rampardos,4,,,,FALSE,
410,Shieldon,4,,,,FALSE,
411,Bastiodon,4,,,,FALSE,
412,Burmy,4,,,,FALSE,
413,Wormadam,4,,,,FALSE,
414,Mothim,4,,,,FALSE,
415,Combee,4,,,,FALSE,
416,Vespiquen,4,,,,FALSE,
417,Pachirisu,4,,,,FALSE,
418,Buizel,4,,,,FALSE,
419,Floatzel,4,,,,FALSE,
420,Cherubi,4,,,,FALSE,
421,Cherrim,4,,,,FALSE,
422,Shellos,4,,,,FALSE,
423,Gastrodon,4,,,,FALSE,
424,Ambipom,4,,,,FALSE,
425,Drifloon,4,,,,FALSE,
426,Drifblim,4,,,,FALSE,
427,Buneary,4,,,,FALSE,
428,Lopunny,4,,,,FALSE,
429,Mismagius,4,,,,FALSE,
430,Honchkrow,4,,,,FALSE,
431,Glameow,4,,,,FALSE,
432,Purugly,4,,,,FALSE,
433,Chingling,4,,,,FALSE,
434,Stunky,4,,,,FALSE,
435,Skuntank,4,,,,FALSE,
436,Bronzor,4,,,,FALSE,
437,Bronzong,4,,,,FALSE,
438,Bonsly,4,,,,FALSE,
439,Mime Jr.,4,,,,FALSE,
440,Happiny,4,,,,FALSE,
441,Chatot,4,,,,FALSE,
442,Spiritomb,4,,,,FALSE,
443,Gible,4,,,,FALSE,
444,Gabite,4,,,,FALSE,
445,Garchomp,4,,,,FALSE,
446,Munchlax,4,,,,FALSE,
447,Riolu,4,,,,FALSE,
448,Lucario,4,,,,FALSE,
449,Hippopotas,4,,,,FALSE,
450,Hippowdon,4,,,,FALSE,
451,Skorupi,4,,,,FALSE,
452,Drapion,4,,,,FALSE,
453,Croagunk,4,,,,FALSE,
454,Toxicroak,4,,,,FALSE,
455,Carnivine,4,,,,FALSE,
456,Finneon,4,,,,FALSE,
457,Lumineon,4,,,,FALSE,
458,Mantyke,4,,,,FALSE,
459,Snover,4,,,,FALSE,
460,Abomasnow,4,,,,FALSE,
461,Weavile,4,,,,FALSE,
462,Magnezone,4,,,,FALSE,
463,Lickilicky,4,,,,FALSE,
464,Rhyperior,4,,,,FALSE,
465,Tangrowth,4,,,,FALSE,
466,Electivire,4,,,,FALSE,
467,Magmortar,4,,,,FALSE,
468,Togekiss,4,,,,FALSE,
469,Yanmega,4,,,,FALSE,
470,Leafeon,4,,,,FALSE,
471,Glaceon,4,,,,FALSE,
472,Gliscor,4,,,,FALSE,
473,Mamoswine,4,,,,FALSE,
474,Porygon-Z,4,,,,FALSE,
475,Gallade,4,,,,FALSE,
476,Probopass,4,,,,FALSE,
477,Dusknoir,4,,,,FALSE,
478,Froslass,4,,,,FALSE,
479,Rotom,4,,,,FALSE,
480,Uxie,4,,,,FALSE,
481,Mesprit,4,,,,FALSE,
482,Azelf,4,,,,FALSE,
483,Dialga,4,,,,FALSE,
484,Palkia,4,,,,FALSE,
485,Heatran,4,,,,FALSE,
486,Regigigas,4,,,,FALSE,
487,Giratina,4,,,,FALSE,
488,Cresselia,4,,,,FALSE,
489,Phione,4,,,,FALSE,
490,Manaphy,4,,,,FALSE,
491,Darkrai,4,,,,FALSE,
492,Shaymin,4,,,,FALSE,
493,Arceus,4,,,,FALSE,
494,Victini,5,,,,FALSE,
495,Snivy,5,,,,FALSE,
496,Servine,5,,,,FALSE,
497,Serperior,5,,,,FALSE,
498,Tepig,5,,,,FALSE,
499,Pignite,5,,,,FALSE,
500,Emboar,5,,,,FALSE,
501,Oshawott,5,,,,FALSE,
502,Dewott,5,,,,FALSE,
503,Samurott,5,,,,FALSE,
504,Patrat,5,,,,FALSE,
505,Watchog,5,,,,FALSE,
506,Lillipup,5,,,,FALSE,
507,Herdier,5,,,,FALSE,
508,Stoutland,5,,,,FALSE,
509,Purrloin,5,,,,FALSE,
510,Liepard,5,,,,FALSE,
511,Pansage,5,,,,FALSE,
512,Simisage,5,,,,FALSE,
513,Pansear,5,,,,FALSE,
514,Simisear,5,,,,FALSE,
515,Panpour,5,,,,FALSE,
516,Simipour,5,,,,FALSE,
517,Munna,5,,,,FALSE,
518,Musharna,5,,,,FALSE,
519,Pidove,5,,,,FALSE,
520,Tranquill,5,,,,FALSE,
521,Unfezant,5,,,,FALSE,
522,Blitzle,5,,,,FALSE,
523,Zebstrika,5,,,,FALSE,
524,Roggenrola,5,,,,FALSE,
525,Boldore,5,,,,FALSE,
526,Gigalith,5,,,,FALSE,
527,Woobat,5,,,,FALSE,
528,Swoobat,5,,,,FALSE,
529,Drilbur,5,,,,FALSE,
530,Excadrill,5,,,,FALSE,
531,Audino,5,,,,FALSE,
532,Timburr,5,,,,FALSE,
533,Gurdurr,5,,,,FALSE,
534,Conkeldurr,5,,,,FALSE,
535,Tympole,5,,,,FALSE,
536,Palpitoad,5,,,,FALSE,
537,Seismitoad,5,,,,FALSE,
538,Throh,5,,,,FALSE,
539,Sawk,5,,,,FALSE,
540,Sewaddle,5,,,,FALSE,
541,Swadloon,5,,,,FALSE,
542,Leavanny,5,,,,FALSE,
543,Venipede,5,,,,FALSE,
544,Whirlipede,5,,,,FALSE,
545,Scolipede,5,,,,FALSE,
546,Cottonee,5,,,,FALSE,
547,Whimsicott,5,,,,FALSE,
548,Petilil,5,,,,FALSE,
549,Lilligant,5,,,,FALSE,
550,Basculin,5,,,,FALSE,
551,Sandile,5,,,,FALSE,
552,Krokorok,5,,,,FALSE,
553,Krookodile,5,,,,FALSE,
554,Darumaka,5,,,,FALSE,
555,Darmanitan,5,,,,FALSE,
556,Maractus,5,,,,FALSE,
557,Dwebble,5,,,,FALSE,
558,Crustle,5,,,,FALSE,
559,Scraggy,5,,,,FALSE,
560,Scrafty,5,,,,FALSE,
561,Sigilyph,5,,,,FALSE,
562,Yamask,5,,,,FALSE,
563,Cofagrigus,5,,,,FALSE,
564,Tirtouga,5,,,,FALSE,
565,Carracosta,5,,,,FALSE,
566,Archen,5,,,,FALSE,
567,Archeops,5,,,,FALSE,
568,Trubbish,5,,,,FALSE,
569,Garbodor,5,,,,FALSE,
570,Zorua,5,,,,FALSE,
571,Zoroark,5,,,,FALSE,
572,Minccino,5,,,,FALSE,
573,Cinccino,5,,,,FALSE,
574,Gothita,5,,,,FALSE,
575,Gothorita,5,,,,FALSE,
576,Gothitelle,5,,,,FALSE,
577,Solosis,5,,,,FALSE,
578,Duosion,5,,,,FALSE,
579,Reuniclus,5,,,,FALSE,
580,Ducklett,5,,,,FALSE,
581,Swanna,5,,,,FALSE,
582,Vanillite,5,,,,FALSE,
583,Vanillish,5,,,,FALSE,
584,Vanilluxe,5,,,,FALSE,
585,Deerling,5,,,,FALSE,
586,Sawsbuck,5,,,,FALSE,
587,Emolga,5,,,,FALSE,
588,Karrablast,5,,,,FALSE,
589,Escavalier,5,,,,FALSE,
590,Foongus,5,,,,FALSE,
591,Amoonguss,5,,,,FALSE,
592,Frillish,5,,,,FALSE,
593,Jellicent,5,,,,FALSE,
594,Alomomola,5,,,,FALSE,
595,Joltik,5,,,,FALSE,
596,Galvantula,5,,,,FALSE,
597,Ferroseed,5,,,,FALSE,
598,Ferrothorn,5,,,,FALSE,
599,Klink,5,,,,FALSE,
600,Klang,5,,,,FALSE,
601,Klinklang,5,,,,FALSE,
602,Tynamo,5,,,,FALSE,
603,Eelektrik,5,,,,FALSE,
604,Eelektross,5,,,,FALSE,
605,Elgyem,5,,,,FALSE,
606,Beheeyem,5,,,,FALSE,
607,Litwick,5,,,,FALSE,
608,Lampent,5,,,,FALSE,
609,Chandelure,5,,,,FALSE,
610,Axew,5,,,,FALSE,
611,Fraxure,5,,,,FALSE,
612,Haxorus,5,,,,FALSE,
613,Cubchoo,5,,,,FALSE,
614,Beartic,5,,,,FALSE,
615,Cryogonal,5,,,,FALSE,
616,Shelmet,5,,,,FALSE,
617,Accelgor,5,,,,FALSE,
618,Stunfisk,5,,,,FALSE,
619,Mienfoo,5,,,,FALSE,
620,Mienshao,5,,,,FALSE,
621,Druddigon,5,,,,FALSE,
622,Golett,5,,,,FALSE,
623,Golurk,5,,,,FALSE,
624,Pawniard,5,,,,FALSE,
625,Bisharp,5,,,,FALSE,
626,Bouffalant,5,,,,FALSE,
627,Rufflet,5,,,,FALSE,
628,Braviary,5,,,,FALSE,
629,Vullaby,5,,,,FALSE,
630,Mandibuzz,5,,,,FALSE,
631,Heatmor,5,,,,FALSE,
632,Durant,5,,,,FALSE,
633,Deino,5,,,,FALSE,
634,Zweilous,5,,,,FALSE,
635,Hydreigon,5,,,,FALSE,
636,Larvesta,5,,,,FALSE,
637,Volcarona,5,,,,FALSE,
638,Cobalion,5,,,,FALSE,
639,Terrakion,5,,,,FALSE,
640,Virizion,5,,,,FALSE,
641,Tornadus,5,,,,FALSE,
642,Thundurus,5,,,,FALSE,
643,Reshiram,5,,,,FALSE,
644,Zekrom,5,,,,FALSE,
645,Landorus,5,,,,FALSE,
646,Kyurem,5,,,,FALSE,
647,Keldeo,5,,,,FALSE,
648,Meloetta,5,,,,FALSE,
649,Genesect,5,,,,FALSE,
650,Chespin,6,,,,FALSE,
651,Quilladin,6,,,,FALSE,
652,Chesnaught,6,,,,FALSE,
653,Fennekin,6,,,,FALSE,
654,Braixen,6,,,,FALSE,
655,Delphox,6,,,,FALSE,
656,Froakie,6,,,,FALSE,
657,Frogadier,6,,,,FALSE,
658,Greninja,6,,,,FALSE,
659,Bunnelby,6,,,,FALSE,
660,Diggersby,6,,,,FALSE,
661,Fletchling,6,,,,FALSE,
662,Fletchinder,6,,,,FALSE,
663,Talonflame,6,,,,FALSE,
664,Scatterbug,6,,,,FALSE,
665,Spewpa,6,,,,FALSE,
666,Vivillon,6,,,,FALSE,
667,Litleo,6,,,,FALSE,
668,Pyroar,6,,,,FALSE,
669,Flabébé,6,,,,FALSE,
670,Floette,6,,,,FALSE,
671,Florges,6,,,,FALSE,
672,Skiddo,6,,,,FALSE,
673,Gogoat,6,,,,FALSE,
674,Pancham,6,,,,FALSE,
675,Pangoro,6,,,,FALSE,
676,Furfrou,6,,,,FALSE,
677,Espurr,6,,,,FALSE,
678,Meowstic,6,,,,FALSE,
679,Honedge,6,,,,FALSE,
680,Doublade,6,,,,FALSE,
681,Aegislash,6,,,,FALSE,
682,Spritzee,6,,,,FALSE,
683,Aromatisse,6,,,,FALSE,
684,Swirlix,6,,,,FALSE,
685,Slurpuff,6,,,,FALSE,
686,Inkay,6,,,,FALSE,
687,Malamar,6,,,,FALSE,
688,Binacle,6,,,,FALSE,
689,Barbaracle,6,,,,FALSE,
690,Skrelp,6,,,,FALSE,
691,Dragalge,6,,,,FALSE,
692,Clauncher,6,,,,FALSE,
693,Clawitzer,6,,,,FALSE,
694,Helioptile,6,,,,FALSE,
695,Heliolisk,6,,,,FALSE,
696,Tyrunt,6,,,,FALSE,
697,Tyrantrum,6,,,,FALSE,
698,Amaura,6,,,,FALSE,
699,Aurorus,6,,,,FALSE,
700,Sylveon,6,,,,FALSE,
701,Hawlucha,6,,,,FALSE,
702,Dedenne,6,,,,FALSE,
703,Carbink,6,,,,FALSE,
704,Goomy,6,,,,FALSE,
705,Sliggoo,6,,,,FALSE,
706,Goodra,6,,,,FALSE,
707,Klefki,6,,,,FALSE,
708,Phantump,6,,,,FALSE,
709,Trevenant,6,,,,FALSE,
710,Pumpkaboo,6,,,,FALSE,
711,Gourgeist,6,,,,FALSE,
712,Bergmite,6,,,,FALSE,
713,Avalugg,6,,,,FALSE,
714,Noibat,6,,,,FALSE,
715,Noivern,6,,,,FALSE,
716,Xerneas,6,,,,FALSE,
717,Yveltal,6,,,,FALSE,
718,Zygarde,6,,,,FALSE,
719,Diancie,6,,,,FALSE,
720,Hoopa,6,,,,FALSE,
721,Volcanion,6,,,,FALSE,
722,Rowlet,7,,,,FALSE,
723,Dartrix,7,,,,FALSE,
724,Decidueye,7,,,,FALSE,
725,Litten,7,,,,FALSE,
726,Torracat,7,,,,FALSE,
727,Incineroar,7,,,,FALSE,
728,Popplio,7,,,,FALSE,
729,Brionne,7,,,,FALSE,
730,Primarina,7,,,,FALSE,
731,Pikipek,7,,,,FALSE,
732,Trumbeak,7,,,,FALSE,
733,Toucannon,7,,,,FALSE,
734,Yungoos,7,,,,FALSE,
735,Gumshoos,7,,,,FALSE,
736,Grubbin,7,,,,FALSE,
737,Charjabug,7,,,,FALSE,
738,Vikavolt,7,,,,FALSE,
739,Crabrawler,7,,,,FALSE,
740,Crabominable,7,,,,FALSE,
741,Oricorio,7,,,,FALSE,
742,Cutiefly,7,,,,FALSE,
743,Ribombee,7,,,,FALSE,
744,Rockruff,7,,,,FALSE,
745,Lycanroc,7,,,,FALSE,
746,Wishiwashi,7,,,,FALSE,
747,Mareanie,7,,,,FALSE,
748,Toxapex,7,,,,FALSE,
749,Mudbray,7,,,,FALSE,
750,Mudsdale,7,,,,FALSE,
751,Dewpider,7,,,,FALSE,
752,Araquanid,7,,,,FALSE,
753,Fomantis,7,,,,FALSE,
754,Lurantis,7,,,,FALSE,
755,Morelull,7,,,,FALSE,
756,Shiinotic,7,,,,FALSE,
757,Salandit,7,,,,FALSE,
758,Salazzle,7,,,,FALSE,
759,Stufful,7,,,,FALSE,
760,Bewear,7,,,,FALSE,
761,Bounsweet,7,,,,FALSE,
762,Steenee,7,,,,FALSE,
763,Tsareena,7,,,,FALSE,
764,Comfey,7,,,,FALSE,
765,Oranguru,7,,,,FALSE,
766,Passimian,7,,,,FALSE,
767,Wimpod,7,,,,FALSE,
768,Golisopod,7,,,,FALSE,
769,Sandygast,7,,,,FALSE,
770,Palossand,7,,,,FALSE,
771,Pyukumuku,7,,,,FALSE,
772,Type: Null,7,,,,FALSE,
773,Silvally,7,,,,FALSE,
774,Minior,7,,,,FALSE,
775,Komala,7,,,,FALSE,
776,Turtonator,7,,,,FALSE,
777,Togedemaru,7,,,,FALSE,
778,Mimikyu,7,,,,FALSE,
779,Bruxish,7,,,,FALSE,
780,Drampa,7,,,,FALSE,
781,Dhelmise,7,,,,FALSE,
782,Jangmo-o,7,,,,FALSE,
783,Hakamo-o,7,,,,FALSE,
784,Kommo-o,7,,,,FALSE,
785,Tapu Koko,7,,,,FALSE,
786,Tapu Lele,7,,,,FALSE,
787,Tapu Bulu,7,,,,FALSE,
788,Tapu Fini,7,,,,FALSE,
789,Cosmog,7,,,,FALSE,
790,Cosmoem,7,,,,FALSE,
791,Solgaleo,7,,,,FALSE,
792,Lunala,7,,,,FALSE,
793,Nihilego,7,,,,FALSE,
794,Buzzwole,7,,,,FALSE,
795,Pheromosa,7,,,,FALSE,
796,Xurkitree,7,,,,FALSE,
797,Celesteela,7,,,,FALSE,
798,Kartana,7,,,,FALSE,
799,Guzzlord,7,,,,FALSE,
800,Necrozma,7,,,,FALSE,
801,Magearna,7,,,,FALSE,
802,Marshadow,7,,,,FALSE,
803,Poipole,7,,,,FALSE,
804,Naganadel,7,,,,FALSE,
805,Stakataka,7,,,,FALSE,
806,Blacephalon,7,,,,FALSE,
807,Zeraora,7,,,,FALSE,
808,Meltan,7,,,,FALSE,
809,Melmetal,7,,,,FALSE,
810,Grookey,8,,,,FALSE,
811,Thwackey,8,,,,FALSE,
812,Rillaboom,8,,,,FALSE,
813,Scorbunny,8,,,,FALSE,
814,Raboot,8,,,,FALSE,
815,Cinderace,8,,,,FALSE,
816,Sobble,8,,,,FALSE,
817,Drizzile,8,,,,FALSE,
818,Inteleon,8,,,,FALSE,
819,Skwovet,8,,,,FALSE,
820,Greedent,8,,,,FALSE,
821,Rookidee,8,,,,FALSE,
822,Corvisquire,8,,,,FALSE,
823,Corviknight,8,,,,FALSE,
824,Blipbug,8,,,,FALSE,
825,Dottler,8,,,,FALSE,
826,Orbeetle,8,,,,FALSE,
827,Nickit,8,,,,FALSE,
828,Thievul,8,,,,FALSE,
829,Gossifleur,8,,,,FALSE,
830,Eldegoss,8,,,,FALSE,
831,Wooloo,8,,,,FALSE,
832,Dubwool,8,,,,FALSE,
833,Chewtle,8,,,,FALSE,
834,Drednaw,8,,,,FALSE,
835,Yamper,8,,,,FALSE,
836,Boltund,8,,,,FALSE,
837,Rolycoly,8,,,,FALSE,
838,Carkol,8,,,,FALSE,
839,Coalossal,8,,,,FALSE,
840,Applin,8,,,,FALSE,
841,Flapple,8,,,,FALSE,
842,Appletun,8,,,,FALSE,
843,Silicobra,8,,,,FALSE,
844,Sandaconda,8,,,,FALSE,
845,Cramorant,8,,,,FALSE,
846,Arrokuda,8,,,,FALSE,
847,Barraskewda,8,,,,FALSE,
848,Toxel,8,,,,FALSE,
849,Toxtricity,8,,,,FALSE,
850,Sizzlipede,8,,,,FALSE,
851,Centiskorch,8,,,,FALSE,
852,Clobbopus,8,,,,FALSE,
853,Grapploct,8,,,,FALSE,
854,Sinistea,8,,,,FALSE,
855,Polteageist,8,,,,FALSE,
856,Hatenna,8,,,,FALSE,
857,Hattrem,8,,,,FALSE,
858,Hatterene,8,,,,FALSE,
859,Impidimp,8,,,,FALSE,
860,Morgrem,8,,,,FALSE,
861,Grimmsnarl,8,,,,FALSE,
862,Obstagoon,8,,,,FALSE,
863,Perrserker,8,,,,FALSE,
864,Cursola,8,,,,FALSE,
865,Sirfetch'd,8,,,,FALSE,
866,Mr. Rime,8,,,,FALSE,
867,Runerigus,8,,,,FALSE,
868,Milcery,8,,,,FALSE,
869,Alcremie,8,,,,FALSE,
870,Falinks,8,,,,FALSE,
871,Pincurchin,8,,,,FALSE,
872,Snom,8,,,,FALSE,
873,Frosmoth,8,,,,FALSE,
874,Stonjourner,8,,,,FALSE,
875,Eiscue,8,,,,FALSE,
876,Indeedee,8,,,,FALSE,
877,Morpeko,8,,,,FALSE,
878,Cufant,8,,,,FALSE,
879,Copperajah,8,,,,FALSE,
880,Dracozolt,8,,,,FALSE,
881,Arctozolt,8,,,,FALSE,
882,Dracovish,8,,,,FALSE,
883,Arctovish,8,,,,FALSE,
884,Duraludon,8,,,,FALSE,
885,Dreepy,8,,,,FALSE,
886,Drakloak,8,,,,FALSE,
887,Dragapult,8,,,,FALSE,
888,Zacian,8,,,,FALSE,
889,Zamazenta,8,,,,FALSE,
890,Eternatus,8,,,,FALSE,
891,Kubfu,8,,,,FALSE,
892,Urshifu,8,,,,FALSE,
893,Zarude,8,,,,FALSE,
894,Regieleki,8,,,,FALSE,
895,Regidrago,8,,,,FALSE,
896,Glastrier,8,,,,FALSE,
897,Spectrier,8,,,,FALSE,
898,Calyrex,8,,,,FALSE,
899,Wyrdeer,8,,,,FALSE,
900,Kleavor,8,,,,FALSE,
901,Ursaluna,8,,,,FALSE,
902,Basculegion,8,,,,FALSE,
903,Sneasler,8,,,,FALSE,
904,Overqwil,8,,,,FALSE,
905,Enamorus,8,,,,FALSE,
906,Sprigatito,9,https://www.tcgplayer.com/product/497599/pokemon-sv02-paldea-evolved-sprigatito-196-193?Printing=Holofoil|Reverse+Holofoil&Language=all&page=1,,https://tcgplayer-cdn.tcgplayer.com/product/497599_in_1000x1000.jpg,FALSE,
907,Floragato,9,,,,FALSE,
908,Meowscarada,9,,,,FALSE,
909,Fuecoco,9,,,,FALSE,
910,Crocalor,9,,,,FALSE,
911,Skeledirge,9,,,,FALSE,
912,Quaxly,9,,,,FALSE,
913,Quaxwell,9,,,,FALSE,
914,Quaquaval,9,,,,FALSE,
915,Lechonk,9,,,,FALSE,
916,Oinkologne,9,,,,FALSE,
917,Tarountula,9,,,,FALSE,
918,Spidops,9,,,,FALSE,
919,Nymble,9,,,,FALSE,
920,Lokix,9,,,,FALSE,
921,Pawmi,9,,,,FALSE,
922,Pawmo,9,,,,FALSE,
923,Pawmot,9,,,,FALSE,
924,Tandemaus,9,,,,FALSE,
925,Maushold,9,,,,FALSE,
926,Fidough,9,,,,FALSE,
927,Dachsbun,9,,,,FALSE,
928,Smoliv,9,,,,FALSE,
929,Dolliv,9,,,,FALSE,
930,Arboliva,9,,,,FALSE,
931,Squawkabilly,9,,,,FALSE,
932,Nacli,9,,,,FALSE,
933,Naclstack,9,,,,FALSE,
934,Garganacl,9,,,,FALSE,
935,Charcadet,9,,,,FALSE,
936,Armarouge,9,,,,FALSE,
937,Ceruledge,9,,,,FALSE,
938,Tadbulb,9,,,,FALSE,
939,Bellibolt,9,,,,FALSE,
940,Wattrel,9,,,,FALSE,
941,Kilowattrel,9,,,,FALSE,
942,Maschiff,9,,,,FALSE,
943,Mabosstiff,9,,,,FALSE,
944,Shroodle,9,,,,FALSE,
945,Grafaiai,9,,,,FALSE,
946,Bramblin,9,,,,FALSE,
947,Brambleghast,9,,,,FALSE,
948,Toedscool,9,,,,FALSE,
949,Toedscruel,9,,,,FALSE,
950,Klawf,9,,,,FALSE,
951,Capsakid,9,,,,FALSE,
952,Scovillain,9,,,,FALSE,
953,Rellor,9,,,,FALSE,
954,Rabsca,9,,,,FALSE,
955,Flittle,9,,,,FALSE,
956,Espathra,9,,,,FALSE,
957,Tinkatink,9,,,,FALSE,
958,Tinkatuff,9,,,,FALSE,
959,Tinkaton,9,,,,FALSE,
960,Wiglett,9,,,,FALSE,
961,Wugtrio,9,,,,FALSE,
962,Bombirdier,9,,,,FALSE,
963,Finizen,9,,,,FALSE,
964,Palafin,9,,,,FALSE,
965,Varoom,9,,,,FALSE,
966,Revavroom,9,,,,FALSE,
967,Cyclizar,9,,,,FALSE,
968,Orthworm,9,,,,FALSE,
969,Glimmet,9,,,,FALSE,
970,Glimmora,9,,,,FALSE,
971,Greavard,9,,,,FALSE,
972,Houndstone,9,,,,FALSE,
973,Flamigo,9,,,,FALSE,
974,Cetoddle,9,,,,FALSE,
975,Cetitan,9,,,,FALSE,
976,Veluza,9,,,,FALSE,
977,Dondozo,9,,,,FALSE,
978,Tatsugiri,9,,,,FALSE,
979,Annihilape,9,,,,FALSE,
980,Clodsire,9,,,,FALSE,
981,Farigiraf,9,,,,FALSE,
982,Dudunsparce,9,,,,FALSE,
983,Kingambit,9,,,,FALSE,
984,Great Tusk,9,,,,FALSE,
985,Scream Tail,9,,,,FALSE,
986,Brute Bonnet,9,,,,FALSE,
987,Flutter Mane,9,,,,FALSE,
988,Slither Wing,9,,,,FALSE,
989,Sandy Shocks,9,,,,FALSE,
990,Iron Treads,9,,,,FALSE,
991,Iron Bundle,9,,,,FALSE,
992,Iron Hands,9,,,,FALSE,
993,Iron Jugulis,9,,,,FALSE,
994,Iron Moth,9,,,,FALSE,
995,Iron Thorns,9,,,,FALSE,
996,Frigibax,9,,,,FALSE,
997,Arctibax,9,,,,FALSE,
998,Baxcalibur,9,,,,FALSE,
999,Gimmighoul,9,,,,FALSE,
1000,Gholdengo,9,,,,FALSE,
1001,Wo-Chien,9,,,,FALSE,
1002,Chien-Pao,9,,,,FALSE,
1003,Ting-Lu,9,,,,FALSE,
1004,Chi-Yu,9,,,,FALSE,
1005,Roaring Moon,9,,,,FALSE,
1006,Iron Valiant,9,,,,FALSE,
1007,Koraidon,9,,,,FALSE,
1008,Miraidon,9,,,,FALSE,
1009,Walking Wake,9,,,,FALSE,
1010,Iron Leaves,9,,,,FALSE,
1011,Dipplin,9,,,,FALSE,
1012,Poltchageist,9,,,,FALSE,
1013,Sinistcha,9,,,,FALSE,
1014,Okidogi,9,,,,FALSE,
1015,Munkidori,9,,,,FALSE,
1016,Fezandipiti,9,,,,FALSE,
1017,Ogerpon,9,,,,FALSE,
1018,Archaludon,9,,,,FALSE,
1019,Hydrapple,9,,,,FALSE,
1020,Gouging Fire,9,,,,FALSE,
1021,Raging Bolt,9,,,,FALSE,
1022,Iron Boulder,9,,,,FALSE,
1023,Iron Crown,9,,,,FALSE,
1024,Terapagos,9,,,,FALSE,
1025,Pecharunt,9,,,,FALSE,